	llvm-project	2001-06-06 20:29:01 +0000	0
	llvm-project	2001-10-28 21:45:02 +0000	46059
	llvm-project	2002-04-04 22:19:18 +0000	63719
	llvm-project	2002-07-30 16:24:25 +0000	79721
	llvm-project	2002-10-16 01:34:18 +0000	96486
	llvm-project	2003-01-13 00:13:19 +0000	112065
	llvm-project	2003-05-29 15:13:15 +0000	125214
	llvm-project	2003-08-03 22:14:50 +0000	174877
	llvm-project	2003-09-22 23:58:08 +0000	176966
	llvm-project	2003-11-09 21:36:19 +0000	187381
	llvm-project	2004-01-30 22:24:18 +0000	220411
	llvm-project	2004-03-11 19:46:30 +0000	330477
	llvm-project	2004-05-24 04:53:32 +0000	345570
	llvm-project	2004-07-15 01:08:08 +0000	361602
	llvm-project	2004-08-21 20:14:40 +0000	364777
	llvm-project	2004-10-26 07:09:33 +0000	398305
	llvm-project	2004-12-02 21:26:10 +0000	315959
	llvm-project	2005-01-17 01:34:14 +0000	320559
	llvm-project	2005-04-01 22:46:45 +0000	327526
	llvm-project	2005-06-13 06:41:26 +0000	336717
	llvm-project	2005-09-08 23:17:26 +0000	359852
	llvm-project	2005-11-18 07:28:26 +0000	363586
	llvm-project	2006-01-19 01:18:29 +0000	376659
	llvm-project	2006-03-03 02:33:15 +0000	382142
	llvm-project	2006-04-09 23:41:14 +0000	393830
	llvm-project	2006-05-31 17:31:38 +0000	379128
	llvm-project	2006-08-18 09:00:22 +0000	391263
	llvm-project	2006-10-17 21:23:20 +0000	404644
	llvm-project	2006-12-03 06:59:29 +0000	435944
	llvm-project	2007-01-15 18:27:39 +0000	423829
	llvm-project	2007-02-16 09:49:18 +0000	394463
	llvm-project	2007-03-28 01:43:35 +0000	405105
	llvm-project	2007-04-26 03:26:26 +0000	415059
	llvm-project	2007-06-18 04:31:21 +0000	415727
	llvm-project	2006-11-05 18:46:16 +0000	417337
	llvm-project	2007-07-26 07:03:08 +0000	420846
	llvm-project	2007-09-04 02:34:27 +0000	433072
	llvm-project	2007-10-12 09:15:53 +0000	444886
	llvm-project	2007-11-13 18:05:45 +0000	453560
	llvm-project	2007-12-19 06:16:30 +0000	472208
	llvm-project	2008-01-26 02:08:50 +0000	480825
	llvm-project	2008-02-23 02:08:30 +0000	481497
	llvm-project	2008-03-22 01:55:50 +0000	490114
	llvm-project	2008-04-22 07:37:18 +0000	476393
	llvm-project	2008-05-24 02:56:30 +0000	482543
	llvm-project	2008-06-26 04:24:57 +0000	488702
	llvm-project	2008-07-25 01:11:38 +0000	493822
	llvm-project	2008-08-26 00:41:39 +0000	497951
	llvm-project	2008-09-26 03:23:00 +0000	508794
	llvm-project	2008-10-23 00:40:37 +0000	515473
	llvm-project	2008-11-14 03:43:18 +0000	528078
	llvm-project	2008-12-03 19:30:13 +0000	532332
	llvm-project	2009-01-05 08:09:48 +0000	527469
	llvm-project	2009-01-24 19:30:25 +0000	528443
	llvm-project	2009-02-09 16:59:59 +0000	531726
	llvm-project	2009-02-25 06:29:47 +0000	533994
	llvm-project	2009-03-12 09:13:48 +0000	535881
	llvm-project	2009-03-30 15:28:00 +0000	539069
	llvm-project	2009-04-16 21:49:16 +0000	543561
	llvm-project	2009-05-02 01:00:04 +0000	545489
	llvm-project	2009-05-19 20:40:02 +0000	555328
	llvm-project	2009-06-15 23:12:00 +0000	557662
	llvm-project	2009-07-01 15:26:13 +0000	572577
	llvm-project	2009-07-15 20:24:03 +0000	582527
	llvm-project	2009-07-24 23:04:51 +0000	587761
	llvm-project	2009-08-05 05:20:29 +0000	592861
	llvm-project	2009-08-18 11:50:23 +0000	602745
	llvm-project	2009-08-31 08:07:44 +0000	617464
	llvm-project	2009-09-15 15:09:54 +0000	623036
	llvm-project	2009-10-01 23:28:47 +0000	626587
	llvm-project	2009-10-19 18:14:28 +0000	623420
	llvm-project	2009-11-03 07:49:22 +0000	631320
	llvm-project	2009-11-13 23:08:47 +0000	621360
	llvm-project	2009-11-26 16:42:00 +0000	623078
	llvm-project	2009-12-11 23:00:49 +0000	628028
	llvm-project	2009-12-31 01:44:44 +0000	636566
	llvm-project	2010-01-15 23:34:31 +0000	635961
	llvm-project	2010-01-28 21:54:15 +0000	612407
	llvm-project	2010-02-12 18:17:23 +0000	624879
	llvm-project	2010-02-26 20:28:29 +0000	632063
	llvm-project	2010-03-14 02:24:55 +0000	632907
	llvm-project	2010-03-29 23:02:46 +0000	636529
	llvm-project	2010-04-14 04:19:05 +0000	647962
	llvm-project	2010-04-30 19:45:53 +0000	653341
	llvm-project	2010-05-20 02:24:22 +0000	658135
	llvm-project	2010-06-10 02:48:13 +0000	661438
	llvm-project	2010-06-29 00:06:42 +0000	662304
	llvm-project	2010-07-13 20:57:41 +0000	665258
	llvm-project	2010-07-28 20:26:34 +0000	673459
	llvm-project	2010-08-13 01:36:11 +0000	678954
	llvm-project	2010-08-26 02:11:48 +0000	682995
	llvm-project	2010-09-07 22:43:19 +0000	682204
	llvm-project	2010-09-22 18:44:56 +0000	687166
	llvm-project	2010-10-07 18:41:20 +0000	688797
	llvm-project	2010-10-22 19:03:24 +0000	688292
	llvm-project	2010-11-06 07:53:11 +0000	695118
	llvm-project	2010-11-18 22:39:16 +0000	702040
	llvm-project	2010-12-05 07:49:54 +0000	712142
	llvm-project	2010-12-19 18:03:27 +0000	717501
	llvm-project	2011-01-12 03:25:15 +0000	725094
	llvm-project	2011-01-28 16:49:05 +0000	731943
	llvm-project	2011-02-17 08:16:56 +0000	740282
	llvm-project	2011-03-04 20:03:14 +0000	742242
	llvm-project	2011-03-24 16:43:37 +0000	749201
	llvm-project	2011-04-13 20:31:26 +0000	754821
	llvm-project	2011-05-01 22:35:37 +0000	760068
	llvm-project	2011-05-21 18:53:30 +0000	762674
	llvm-project	2011-06-14 15:24:38 +0000	767356
	llvm-project	2011-06-30 23:42:18 +0000	771576
	llvm-project	2011-07-18 07:11:55 +0000	773300
	llvm-project	2011-07-29 23:52:01 +0000	780434
	llvm-project	2011-08-16 21:41:33 +0000	779664
	llvm-project	2011-08-31 21:50:07 +0000	784325
	llvm-project	2011-09-17 05:45:35 +0000	792566
	llvm-project	2011-10-03 21:48:40 +0000	800831
	llvm-project	2011-10-17 04:03:55 +0000	806546
	llvm-project	2011-10-31 20:57:44 +0000	832347
	llvm-project	2011-11-14 22:28:39 +0000	834407
	llvm-project	2011-12-05 18:29:03 +0000	837624
	llvm-project	2011-12-20 02:14:01 +0000	868137
	llvm-project	2012-01-13 00:56:44 +0000	870327
	llvm-project	2012-01-29 18:15:03 +0000	876328
	llvm-project	2012-02-11 21:02:35 +0000	881249
	llvm-project	2012-02-25 23:21:37 +0000	886790
	llvm-project	2012-03-12 11:19:33 +0000	890605
	llvm-project	2012-03-30 08:18:19 +0000	890761
	llvm-project	2012-04-17 21:23:52 +0000	908867
	llvm-project	2012-05-07 06:00:23 +0000	933211
	llvm-project	2012-05-26 00:32:39 +0000	927189
	llvm-project	2012-06-17 09:05:04 +0000	932893
	llvm-project	2012-07-06 00:59:19 +0000	934817
	llvm-project	2012-07-28 16:48:01 +0000	938695
	llvm-project	2012-08-17 03:39:16 +0000	943763
	llvm-project	2012-09-04 22:48:59 +0000	950311
	llvm-project	2012-09-19 20:29:39 +0000	960194
	llvm-project	2012-10-08 17:27:24 +0000	969100
	llvm-project	2012-10-24 14:03:41 +0000	980174
	llvm-project	2012-11-12 10:01:17 +0000	984562
	llvm-project	2012-11-29 22:56:13 +0000	975647
	llvm-project	2012-12-13 12:09:47 +0000	1002257
	llvm-project	2013-01-01 03:42:44 +0000	1004509
	llvm-project	2013-01-14 18:30:01 +0000	1009186
	llvm-project	2013-01-25 22:12:50 +0000	1014066
	llvm-project	2013-02-07 01:27:13 +0000	1042558
	llvm-project	2013-02-20 12:56:39 +0000	1045047
	llvm-project	2013-03-08 01:37:30 +0000	1049318
	llvm-project	2013-03-22 21:15:16 +0000	1052414
	llvm-project	2013-04-05 09:22:24 +0000	1061048
	llvm-project	2013-04-20 02:40:45 +0000	1069197
	llvm-project	2013-05-07 00:28:07 +0000	1086016
	llvm-project	2013-05-22 08:55:55 +0000	1087765
	llvm-project	2013-06-08 13:29:58 +0000	1094052
	llvm-project	2013-06-22 23:14:51 +0000	1095188
	llvm-project	2013-07-05 12:55:00 +0000	1100333
	llvm-project	2013-07-19 22:53:23 +0000	1102123
	llvm-project	2013-08-06 05:56:32 +0000	1100357
	llvm-project	2013-08-20 21:21:45 +0000	1113444
	llvm-project	2013-09-04 00:05:46 +0000	1124472
	llvm-project	2013-09-18 17:22:25 +0000	1128340
	llvm-project	2013-10-04 17:30:14 +0000	1131181
	llvm-project	2013-10-18 23:43:53 +0000	1137147
	llvm-project	2013-11-05 06:31:43 +0000	1141991
	llvm-project	2013-11-19 01:40:25 +0000	1153198
	llvm-project	2013-12-04 21:31:26 +0000	1159616
	llvm-project	2013-12-18 23:04:37 +0000	1164411
	llvm-project	2014-01-10 00:53:48 +0000	1173206
	llvm-project	2014-01-24 14:42:55 +0000	1180077
	llvm-project	2014-02-10 07:37:04 +0000	1188809
	llvm-project	2014-02-25 04:34:14 +0000	1193173
	llvm-project	2014-03-06 19:51:16 +0000	1162746
	llvm-project	2014-03-18 18:51:04 +0000	1138341
	llvm-project	2014-03-31 15:46:30 +0000	1203166
	llvm-project	2014-04-15 13:59:49 +0000	1212610
	llvm-project	2014-04-27 15:02:05 +0000	1220509
	llvm-project	2014-05-09 09:32:01 +0000	1227076
	llvm-project	2014-05-23 11:35:46 +0000	1232858
	llvm-project	2014-06-10 18:31:18 +0000	1197984
	llvm-project	2014-06-24 13:53:56 +0000	1204777
	llvm-project	2014-07-09 10:21:59 +0000	1213244
	llvm-project	2014-07-22 20:36:37 +0000	1228316
	llvm-project	2014-08-04 21:25:23 +0000	1238567
	llvm-project	2014-08-18 22:20:18 +0000	1245814
	llvm-project	2014-09-03 17:59:23 +0000	1244538
	llvm-project	2014-09-19 16:10:03 +0000	1253017
	llvm-project	2014-10-06 22:59:29 +0000	1257340
	llvm-project	2014-10-20 20:32:47 +0000	1261262
	llvm-project	2014-11-04 20:29:20 +0000	1265871
	llvm-project	2014-11-19 03:51:48 +0000	1272861
	llvm-project	2014-12-05 16:02:06 +0000	1279370
	llvm-project	2014-12-19 10:40:14 +0000	1288639
	llvm-project	2015-01-12 03:36:37 +0000	1298394
	llvm-project	2015-01-22 01:26:39 +0000	1303722
	llvm-project	2015-02-02 18:46:31 +0000	1316750
	llvm-project	2015-02-12 04:25:05 +0000	1327857
	llvm-project	2015-02-20 07:17:40 +0000	1332940
	llvm-project	2015-03-03 01:40:46 +0000	1340185
	llvm-project	2015-03-12 21:34:22 +0000	1342074
	llvm-project	2015-03-25 14:35:40 +0000	1347643
	llvm-project	2015-04-07 13:59:39 +0000	1356010
	llvm-project	2015-04-20 21:17:26 +0000	1362444
	llvm-project	2015-05-05 16:29:40 +0000	1370275
	llvm-project	2015-05-18 16:35:04 +0000	1384399
	llvm-project	2015-05-30 18:42:22 +0000	1388738
	llvm-project	2015-06-15 09:09:06 +0000	1400131
	llvm-project	2015-06-26 19:04:11 +0000	1407699
	llvm-project	2015-07-09 19:54:13 +0000	1420961
	llvm-project	2015-07-22 23:15:57 +0000	1427643
	llvm-project	2015-08-05 15:36:38 +0000	1434396
	llvm-project	2015-08-15 02:05:49 +0000	1441391
	llvm-project	2015-08-28 01:02:00 +0000	1445200
	llvm-project	2015-09-10 13:44:28 +0000	1452602
	llvm-project	2015-09-22 17:22:33 +0000	1456444
	llvm-project	2015-10-05 18:01:17 +0000	1464178
	llvm-project	2015-10-14 22:45:04 +0000	1465530
	llvm-project	2015-10-26 21:10:36 +0000	1479521
	llvm-project	2015-11-07 00:02:32 +0000	1487175
	llvm-project	2015-11-18 19:11:31 +0000	1499457
	llvm-project	2015-12-02 17:45:02 +0000	1513452
	llvm-project	2015-12-15 00:59:19 +0000	1520744
	llvm-project	2015-12-31 08:31:13 +0000	1530967
	llvm-project	2016-01-14 00:21:56 +0000	1547155
	llvm-project	2016-01-26 18:49:36 +0000	1553550
	llvm-project	2016-02-06 17:57:15 +0000	1529212
	llvm-project	2016-02-17 13:16:31 +0000	1543393
	llvm-project	2016-02-29 07:12:10 +0000	1548668
	llvm-project	2016-03-11 17:27:43 +0000	1555133
	llvm-project	2016-03-25 00:26:22 +0000	1562936
	llvm-project	2016-04-05 19:54:44 +0000	1580427
	llvm-project	2016-04-15 16:31:15 +0000	1589597
	llvm-project	2016-04-25 23:02:47 +0000	1597680
	llvm-project	2016-05-04 20:18:27 +0000	1606069
	llvm-project	2016-05-14 17:44:14 +0000	1615287
	llvm-project	2016-05-25 01:57:04 +0000	1623883
	llvm-project	2016-06-03 16:58:05 +0000	1630927
	llvm-project	2016-06-15 01:53:32 +0000	1635569
	llvm-project	2016-06-26 04:55:30 +0000	1641387
	llvm-project	2016-07-08 11:13:59 +0000	1647456
	llvm-project	2016-07-18 19:35:21 +0000	1656490
	llvm-project	2016-07-28 00:32:05 +0000	1664181
	llvm-project	2016-08-09 00:28:15 +0000	1681380
	llvm-project	2016-08-18 21:59:42 +0000	1688273
	llvm-project	2016-08-31 11:47:21 +0000	1697329
	llvm-project	2016-09-12 15:24:31 +0000	1709938
	llvm-project	2016-09-23 15:34:53 +0000	1715071
	llvm-project	2016-10-05 10:20:33 +0000	1721909
	llvm-project	2016-10-16 19:26:07 +0000	1729598
	llvm-project	2016-10-28 02:37:04 +0000	1740584
	llvm-project	2016-11-10 06:45:37 +0000	1745130
	llvm-project	2016-11-20 02:39:59 +0000	1754666
	llvm-project	2016-12-03 23:03:26 +0000	1762199
	llvm-project	2016-12-14 22:53:43 +0000	1771475
	llvm-project	2016-12-30 18:45:07 +0000	1783449
	llvm-project	2017-01-12 19:29:18 +0000	1790480
	llvm-project	2017-01-24 16:17:04 +0000	1799465
	llvm-project	2017-02-03 20:49:51 +0000	1810706
	llvm-project	2017-02-14 22:12:23 +0000	1858506
	llvm-project	2017-02-24 21:47:44 +0000	1868039
	llvm-project	2017-03-08 09:49:12 +0000	1876712
	llvm-project	2017-03-20 23:47:06 +0000	1884302
	llvm-project	2017-04-03 16:51:39 +0000	1893209
	llvm-project	2017-04-15 05:28:06 +0000	1901399
	llvm-project	2017-04-26 17:13:31 +0000	1906322
	llvm-project	2017-05-09 00:12:33 +0000	1915012
	llvm-project	2017-05-21 20:23:23 +0000	1928091
	llvm-project	2017-06-02 14:14:21 +0000	1936439
	llvm-project	2017-06-16 16:44:36 +0000	1949297
	llvm-project	2017-06-29 13:58:24 +0000	1958232
	llvm-project	2017-07-12 09:01:54 +0000	1966879
	llvm-project	2017-07-24 15:33:53 +0000	1977787
	llvm-project	2017-08-03 23:42:58 +0000	1985180
	llvm-project	2017-08-17 20:33:21 +0000	1997181
	llvm-project	2017-08-31 20:47:37 +0000	2010873
	llvm-project	2017-09-15 18:11:13 +0000	2009641
	llvm-project	2017-09-28 16:53:16 +0000	2020869
	llvm-project	2017-10-11 15:29:40 +0000	2035020
	llvm-project	2017-10-24 21:17:16 +0000	2044304
	llvm-project	2017-11-07 10:34:34 +0000	2052300
	llvm-project	2017-11-18 19:05:12 +0000	2059296
	llvm-project	2017-12-03 20:57:04 +0000	2069417
	llvm-project	2017-12-14 00:34:25 +0000	2087311
	llvm-project	2018-01-03 09:14:02 +0000	2093748
	llvm-project	2018-01-18 00:55:29 +0000	2100417
	llvm-project	2018-01-31 00:30:32 +0000	2111999
	llvm-project	2018-02-12 17:21:28 +0000	2115710
	llvm-project	2018-02-23 23:08:34 +0000	2119987
	llvm-project	2018-03-08 10:39:12 +0000	2125537
	llvm-project	2018-03-20 15:41:05 +0000	2137744
	llvm-project	2018-04-02 15:06:55 +0000	2141181
	llvm-project	2018-04-12 21:33:24 +0000	2151081
	llvm-project	2018-04-25 23:38:41 +0000	2153140
	llvm-project	2018-05-09 15:53:06 +0000	2155693
	llvm-project	2018-05-21 18:23:50 +0000	2163557
	llvm-project	2018-06-04 14:25:58 +0000	2171951
	llvm-project	2018-06-16 12:11:34 +0000	2179244
	llvm-project	2018-06-28 17:21:46 +0000	2190077
	llvm-project	2018-07-12 00:52:50 +0000	2201530
	llvm-project	2018-07-24 14:30:29 -0700	0
	llvm-project	2018-08-03 17:50:16 +0000	2220448
	llvm-project	2018-08-16 20:46:41 +0000	2226377
	llvm-project	2018-08-30 01:57:52 +0000	2237210
	llvm-project	2018-09-12 12:56:58 +0000	2247304
	llvm-project	2018-09-25 19:50:39 +0000	2254353
	llvm-project	2018-10-09 10:29:54 +0000	2262002
	llvm-project	2018-10-23 15:05:12 +0000	2271953
	llvm-project	2018-11-02 21:09:49 +0000	2279843
	llvm-project	2018-11-16 12:26:26 +0000	2290260
	llvm-project	2018-11-29 22:56:40 +0000	2296530
	llvm-project	2018-12-12 22:11:05 +0000	2303931
	llvm-project	2018-12-26 19:12:31 +0000	2311374
	llvm-project	2019-01-14 18:49:27 +0000	2318018
	llvm-project	2019-01-25 12:26:27 +0000	2319499
	llvm-project	2019-02-06 00:50:35 +0000	2324979
	llvm-project	2019-02-18 22:39:22 +0000	2330013
	llvm-project	2019-03-03 14:50:01 +0000	2336041
	llvm-project	2019-03-15 05:51:25 +0000	2337672
	llvm-project	2019-03-28 07:02:00 +0000	2349954
	llvm-project	2019-03-29 15:34:35 -0700	0
	llvm-project	2019-04-05 12:52:04 +0000	2354500
	llvm-project	2019-04-17 15:05:29 +0000	2358900
	llvm-project	2019-04-29 21:21:17 +0000	2371493
	llvm-project	2019-05-09 23:17:41 +0000	2378557
	llvm-project	2019-05-21 07:13:58 +0000	2383042
	llvm-project	2019-05-31 16:46:05 +0000	2390964
	llvm-project	2019-06-11 00:23:50 +0000	2397208
	llvm-project	2019-06-19 23:03:42 -0700	0
	llvm-project	2019-07-01 13:40:18 +0000	2420254
	llvm-project	2019-07-10 11:17:48 +0000	2433603
	llvm-project	2019-07-18 17:43:44 +0000	2441840
	llvm-project	2019-08-06 09:26:40 +0100	0
	llvm-project	2019-08-09 06:14:54 +0000	2457240
	llvm-project	2019-08-20 13:25:19 +0000	2466470
	llvm-project	2019-09-09 10:16:28 -0700	0
	llvm-project	2019-09-07 10:27:13 +0000	2481004
	llvm-project	2019-09-18 19:21:05 -0700	0
	llvm-project	2019-09-30 21:20:14 +0000	2494676
	llvm-project	2019-10-09 20:36:29 +0000	2501513
	llvm-project	2019-10-18 17:18:21 +0000	2509754
	llvm-project	2019-10-31 15:23:45 -0700	2515170
	llvm-project	2019-11-12 14:37:41 -0600	2519395
	llvm-project	2019-11-22 18:13:18 -0800	2525452
	llvm-project	2019-12-06 15:26:17 -0800	0
	llvm-project	2019-12-18 13:11:21 -0500	2539997
	llvm-project	2020-01-03 16:52:10 -0800	2545573
	llvm-project	2020-01-15 10:45:50 -0500	2555687
	llvm-project	2020-01-24 14:26:27 -0800	2575075
	llvm-project	2020-02-03 20:57:57 -0800	2585756
	llvm-project	2020-02-12 17:59:53 +0000	2592920
	llvm-project	2020-02-21 15:30:51 -0800	2611094
	llvm-project	2020-03-04 18:26:42 +0100	2618063
	llvm-project	2020-03-16 22:39:48 +0900	2622869
	llvm-project	2020-03-26 18:08:06 +0000	2629453
	llvm-project	2020-04-05 15:21:00 +0100	2636804
	llvm-project	2020-04-15 00:22:53 +0200	2645065
	llvm-project	2020-04-23 10:36:36 -0700	2649186
	llvm-project	2020-05-04 15:37:22 +0200	2651578
	llvm-project	2020-05-14 16:46:16 +0100	2662789
	llvm-project	2020-05-26 17:33:32 -0700	2668301
	llvm-project	2020-06-04 16:04:44 -0700	2676045
	llvm-project	2020-06-15 09:43:24 -0700	2684403
	llvm-project	2020-06-24 16:57:45 +0100	2698405
	llvm-project	2020-07-03 23:46:37 +0800	2706225
	llvm-project	2020-07-14 10:12:40 -0700	2741211
	llvm-project	2020-07-23 14:04:00 -0400	2750522
	llvm-project	2020-08-03 10:06:04 -0700	2753969
	llvm-project	2020-08-11 23:33:15 -0700	2760760
	llvm-project	2020-08-23 04:35:58 +0000	2772693
	llvm-project	2020-09-03 17:43:35 +0100	2779245
	llvm-project	2020-09-15 15:48:43 -0400	2784722
	llvm-project	2020-09-24 23:23:49 +0200	2792321
	llvm-project	2020-10-06 07:42:32 -0700	2799602
	llvm-project	2020-10-17 21:20:58 +0300	2805901
	llvm-project	2020-10-27 15:38:00 +0100	2810970
	llvm-project	2020-11-04 22:27:16 -0800	2815506
	llvm-project	2020-11-16 09:33:47 +0000	2819815
	llvm-project	2020-11-26 10:11:26 -0800	2826871
	llvm-project	2020-12-08 11:19:16 -0500	2836784
	llvm-project	2020-12-17 16:19:09 -0500	2850839
	llvm-project	2021-01-05 14:16:52 -0800	2864405
	llvm-project	2021-01-15 15:50:22 -0800	2871069
	llvm-project	2021-01-25 19:23:58 -0800	2878440
	llvm-project	2021-02-04 20:42:35 -0800	2885853
	llvm-project	2021-02-16 21:07:57 +0100	2893950
	llvm-project	2021-02-26 11:46:11 +0000	2903615
	llvm-project	2021-03-08 16:20:11 -0800	2924312
	llvm-project	2021-03-18 15:55:48 -0700	2930851
	llvm-project	2021-03-29 20:06:31 -0700	2937654
	llvm-project	2021-04-10 10:01:14 -0700	2940442
	llvm-project	2021-04-21 06:37:53 +0000	2948065
	llvm-project	2021-04-30 15:01:32 +0100	2953167
	llvm-project	2021-05-12 06:56:18 +0200	2961345
	llvm-project	2021-05-21 07:45:31 -0700	2969182
	llvm-project	2021-06-03 23:25:45 +0800	2976372
	llvm-project	2021-06-14 14:31:34 +0900	2981822
	llvm-project	2021-06-25 00:22:00 +0300	2956048
	llvm-project	2021-07-08 09:46:30 +0200	2963730
	llvm-project	2021-07-19 19:38:24 +0800	2972457
	llvm-project	2021-07-27 12:13:56 -0700	2982805
	llvm-project	2021-08-06 10:59:24 -0700	2988582
	llvm-project	2021-08-19 23:13:44 +0000	2995280
	llvm-project	2021-09-02 01:00:51 -0700	3007758
	llvm-project	2021-09-14 18:27:37 +0100	3015738
	llvm-project	2021-09-25 15:06:09 -0700	3021961
	llvm-project	2021-10-06 11:05:18 +0200	3020637
	llvm-project	2021-10-15 10:13:17 -0700	3025835
	llvm-project	2021-10-27 15:11:31 +0200	3035210
	llvm-project	2021-11-08 16:49:31 +0800	3043491
	llvm-project	2021-11-17 00:01:20 +0100	3048886
	llvm-project	2021-11-30 14:16:08 +0100	3053317
	llvm-project	2021-12-09 10:57:57 -0800	3063225
	llvm-project	2021-12-21 18:39:09 +0800	3069037
	llvm-project	2022-01-05 20:02:39 +0000	3076448
	llvm-project	2022-01-14 14:06:01 +0800	3083438
	llvm-project	2022-01-23 12:57:12 +0000	3088808
	llvm-project	2022-01-30 22:09:07 +0100	3094652
	llvm-project	2022-02-07 09:42:07 -0800	3101210
	llvm-project	2022-02-14 16:39:22 -0500	3109846
	llvm-project	2022-02-23 14:22:34 -0500	3116685
	llvm-project	2022-03-05 20:37:21 +0100	3121868
	llvm-project	2022-03-16 04:00:26 +0000	3128816
	llvm-project	2022-03-24 02:08:22 +0000	3130162
	llvm-project	2022-04-04 22:25:42 -0700	3167485
	llvm-project	2022-04-13 17:14:45 -0400	3170732
	llvm-project	2022-04-25 17:35:28 +0700	3188791
	llvm-project	2022-05-05 14:24:32 -0700	3192867
	llvm-project	2022-05-17 13:40:11 +0100	3199786
	llvm-project	2022-05-27 16:07:33 +0200	3207257
	llvm-project	2022-06-08 18:02:13 +0200	3214463
	llvm-project	2022-06-16 09:25:27 -0700	3219292
	llvm-project	2022-06-26 17:26:44 -0700	3247131
	llvm-project	2022-07-06 21:16:05 +0000	3254668
	llvm-project	2022-07-15 17:38:34 -0400	3261780
	llvm-project	2022-07-25 17:29:00 -0400	3269179
	llvm-project	2022-08-04 08:51:47 +0000	3273720
	llvm-project	2022-08-15 10:26:03 -0700	3278815
	llvm-project	2022-08-25 09:11:06 +0300	3291628
	llvm-project	2022-09-04 21:07:13 +0000	3294763
	llvm-project	2022-09-15 15:28:59 +0100	3301411
	llvm-project	2022-09-26 14:21:21 -0700	3306193
	llvm-project	2022-10-05 20:21:27 -0600	3311848
	llvm-project	2022-10-15 18:21:54 +0100	3318257
	llvm-project	2022-10-26 17:25:18 +0100	3334932
	llvm-project	2022-11-05 00:21:09 -0700	3345884
	llvm-project	2022-11-16 20:29:21 +0000	3354391
	llvm-project	2022-11-25 23:38:32 -0800	3366324
	llvm-project	2022-12-03 19:43:25 +0000	3370765
	llvm-project	2022-12-09 23:19:45 +0000	3377464
	llvm-project	2022-12-17 03:19:47 +0000	3379240
	llvm-project	2022-12-30 08:44:49 -0500	3391669
	llvm-project	2023-01-10 23:03:07 -0700	3395808
	llvm-project	2023-01-19 14:16:29 +0100	3400000
	llvm-project	2023-01-27 03:46:50 +0000	3405051
	llvm-project	2023-02-06 19:21:23 +0100	3409076
	llvm-project	2023-02-15 08:47:03 +0000	3412946
	llvm-project	2023-02-26 19:36:34 -0800	3420206
	llvm-project	2023-03-08 15:22:21 -0800	3430825
	llvm-project	2023-03-17 08:40:11 -0700	3432225
	llvm-project	2023-03-28 11:10:46 +0100	3440472
	llvm-project	2023-04-06 16:46:47 +0700	3445164
	llvm-project	2023-04-16 11:13:09 -0700	3441543
	llvm-project	2023-04-25 14:12:06 -0700	3444342
	llvm-project	2023-05-04 22:44:33 +0100	3447677
	llvm-project	2023-05-15 15:49:22 -0700	3453721
	llvm-project	2023-05-23 22:18:13 -0700	3457416
	llvm-project	2023-06-01 19:29:57 +0100	3460708
	llvm-project	2023-06-12 09:23:36 +0300	3473242
	llvm-project	2023-06-20 19:31:08 +0200	3479733
	llvm-project	2023-06-29 13:44:37 +0100	3486190
	llvm-project	2023-07-08 12:27:24 +0200	3495032
	llvm-project	2023-07-17 18:35:10 -0400	3501720
	llvm-project	2023-07-24 21:50:29 -0700	3507281
	llvm-project	2023-08-02 10:42:56 -0400	3511363
	llvm-project	2023-08-11 12:54:47 -0500	3513814
	llvm-project	2023-08-21 15:58:07 +0100	3528017
	llvm-project	2023-08-30 08:21:13 +0100	3533147
	llvm-project	2023-09-08 12:45:17 +0000	3538478
	llvm-project	2023-09-18 19:55:35 +0800	3544284
	llvm-project	2023-09-26 20:33:01 +0200	3551594
	llvm-project	2023-10-06 15:28:10 +0100	3557222
	llvm-project	2023-10-19 13:40:41 +0200	3563258
	llvm-project	2023-10-28 21:39:30 -0700	3567442
	llvm-project	2023-11-06 21:19:49 -1000	3573191
	llvm-project	2023-11-16 12:50:46 -0800	3580062
	llvm-project	2023-11-28 10:14:12 -0800	3587606
	llvm-project	2023-12-06 11:45:41 -0800	3594928
	llvm-project	2023-12-15 09:32:15 +0000	3604502
	llvm-project	2024-01-02 08:29:06 -0800	3610978
	llvm-project	2024-01-11 23:35:46 -0800	3617474
	llvm-project	2024-01-21 21:42:38 -0800	3622949
	llvm-project	2024-01-29 14:56:26 -0800	3631601
	llvm-project	2024-02-07 15:31:59 +0000	3638001
	llvm-project	2024-02-16 14:29:24 -0800	3643261
	llvm-project	2024-02-28 13:14:40 +0000	3652056
	llvm-project	2024-03-07 15:32:44 -0800	3660452
	llvm-project	2024-03-18 14:17:16 +0800	3666578
	llvm-project	2024-03-26 16:41:31 -0700	3673646
	llvm-project	2024-04-08 11:05:38 +0100	3679372
	llvm-project	2024-04-17 09:07:18 -0500	3683676
	llvm-project	2024-04-26 17:29:06 +0200	3689933
	llvm-project	2024-05-07 14:57:29 -0500	3697228
	llvm-project	2024-05-17 08:44:07 +0200	3703089
	llvm-project	2024-05-28 14:38:30 -0700	3707581
	llvm-project	2024-06-06 17:49:52 -0700	3716193
	llvm-project	2024-06-17 12:00:50 +0200	3722286
	llvm-project	2024-06-26 15:40:10 +0200	3729560
	llvm-project	2024-07-05 10:37:33 +0100	3739416
	llvm-project	2024-07-15 16:07:48 +0200	3746403
	llvm-project	2024-07-22 23:07:27 -0700	3757372
	llvm-project	2024-07-31 14:52:05 -0700	3761899
	llvm-project	2024-08-09 21:53:13 +0200	3769510
	llvm-project	2024-08-20 11:44:30 +0200	3780002
	llvm-project	2024-08-29 17:55:27 +0800	3788171
	llvm-project	2024-09-07 18:16:06 -0700	3796318
	llvm-project	2024-09-17 00:19:02 -0700	3804821
