	gcc	1988-11-23 07:17:23 +0000	0
	gcc	1992-03-11 20:11:40 +0000	290294
	gcc	1992-05-04 01:23:58 +0000	319668
	gcc	1992-06-27 12:47:43 +0000	338224
	gcc	1992-08-02 21:37:21 -0400	345992
	gcc	1992-09-19 15:55:22 -0400	351791
	gcc	1992-10-27 20:36:22 +0000	367038
	gcc	1993-01-03 12:02:45 -0700	370964
	gcc	1993-02-21 06:52:14 +0000	376682
	gcc	1993-03-31 05:54:18 +0000	389791
	gcc	1993-05-07 21:37:16 +0000	406538
	gcc	1993-07-01 13:22:47 -0600	411763
	gcc	1993-09-02 19:18:55 -0400	420647
	gcc	1993-10-08 15:32:10 -0700	443987
	gcc	1993-11-21 09:24:43 +0000	448613
	gcc	1994-02-15 22:04:22 +0000	454857
	gcc	1994-04-09 08:25:26 -0400	526299
	gcc	1994-06-03 19:50:04 +0000	528983
	gcc	1994-08-08 19:12:43 -0400	548967
	gcc	1994-10-20 13:22:08 -0700	562882
	gcc	1995-01-14 06:22:17 +0000	580490
	gcc	1995-03-16 23:18:10 +0000	597558
	gcc	1995-05-11 23:19:57 -0700	606850
	gcc	1995-06-28 16:25:47 -0400	613649
	gcc	1995-11-04 10:41:52 -0500	621896
	gcc	1996-01-16 15:46:59 -0800	636522
	gcc	1996-03-13 15:20:46 -0800	651484
	gcc	1996-05-18 14:17:25 -0400	660215
	gcc	1996-08-05 14:27:22 -0700	684760
	gcc	1996-10-30 16:16:41 -0500	714209
	gcc	1997-02-15 18:49:22 -0500	724099
	gcc	1997-06-08 15:20:21 -0600	753630
	gcc	1997-08-19 10:04:22 -0600	1140462
	gcc	1997-10-02 13:26:16 -0400	1379594
	gcc	1997-12-04 04:16:21 -0500	1398033
	gcc	1998-01-30 01:04:59 -0700	1421617
	gcc	1998-03-11 11:15:31 +0000	1403025
	gcc	1998-04-14 18:26:34 -0600	1504879
	gcc	1998-05-16 18:41:43 +0000	1524145
	gcc	1998-06-10 08:34:37 -0400	1546749
	gcc	1998-07-07 03:09:31 -0600	1558149
	gcc	1998-08-13 11:26:46 -0400	1575315
	gcc	1998-09-05 04:41:24 -0600	1654512
	gcc	1998-10-03 21:05:38 -0700	1720573
	gcc	1998-10-25 21:03:08 -0500	1759627
	gcc	1998-11-25 21:19:21 +0000	1777444
	gcc	1999-01-06 13:44:41 -0700	1788249
	gcc	1999-02-05 08:24:29 +0000	1800150
	gcc	1999-03-05 13:43:54 +0000	1808812
	gcc	1999-03-31 17:15:14 -0700	1815496
	gcc	1999-04-21 12:12:39 +0000	2048212
	gcc	1999-05-19 18:41:24 -0600	2092828
	gcc	1999-06-25 09:33:20 -0700	2108453
	gcc	1999-08-03 03:12:27 -0600	2117888
	gcc	1999-08-30 18:54:20 +0000	2136228
	gcc	1999-09-20 05:52:22 -0600	2146437
	gcc	1999-10-14 04:01:59 -0700	2165535
	gcc	1999-11-09 16:45:49 +0000	2173420
	gcc	1999-12-14 09:48:11 +0100	2184977
	gcc	2000-01-13 01:45:06 -0700	2196125
	gcc	2000-02-09 18:35:41 +0000	2220801
	gcc	2000-03-04 10:27:48 -0800	2254630
	gcc	2000-03-29 01:45:06 -0700	2295531
	gcc	2000-04-20 12:10:40 -0700	2303266
	gcc	2000-05-08 18:39:55 +0000	2439750
	gcc	2000-05-27 19:25:46 -0700	2469926
	gcc	2000-06-24 01:45:08 -0600	2510163
	gcc	2000-07-18 10:51:46 +0000	2498570
	gcc	2000-08-08 02:08:55 -0700	2529362
	gcc	2000-08-28 20:52:04 -0400	2554533
	gcc	2000-09-18 09:46:51 +0000	2577626
	gcc	2000-10-18 19:57:54 +0000	2575606
	gcc	2000-11-11 13:19:01 +0000	2586793
	gcc	2000-11-28 21:13:35 +0000	2605547
	gcc	2000-12-16 02:06:29 +0000	2631306
	gcc	2001-01-07 13:32:59 +0000	2494789
	gcc	2001-01-23 19:04:36 -0800	2525357
	gcc	2001-02-16 01:24:14 +0000	2468519
	gcc	2001-03-13 08:16:08 +0000	2470660
	gcc	2001-04-06 06:13:27 +0000	2486861
	gcc	2001-05-04 23:04:04 +0200	2494888
	gcc	2001-05-26 15:47:11 +0000	2505923
	gcc	2001-06-15 22:13:00 +0000	2526989
	gcc	2001-07-13 12:43:54 -0700	2568630
	gcc	2001-08-05 16:20:43 +0000	2580267
	gcc	2001-08-28 01:22:35 +0930	2615449
	gcc	2001-09-23 01:05:55 +0000	2649665
	gcc	2001-10-18 21:07:52 -0400	3290427
	gcc	2001-11-08 12:33:32 +0100	3324507
	gcc	2001-11-28 10:16:40 +0000	3338055
	gcc	2001-12-12 04:56:30 +0000	3400968
	gcc	2001-12-31 13:33:19 -0800	3421935
	gcc	2002-01-17 11:04:21 -0500	3446655
	gcc	2002-02-04 20:23:07 +0000	3556891
	gcc	2002-02-25 09:47:23 +1030	3611667
	gcc	2002-03-15 22:36:27 +0100	3560813
	gcc	2002-04-01 08:17:05 +0000	3572782
	gcc	2002-04-22 18:26:01 +0000	3540606
	gcc	2002-05-12 18:43:33 +0000	3573796
	gcc	2002-05-31 11:43:18 +0000	3620389
	gcc	2002-06-19 01:30:39 +0000	3638717
	gcc	2002-07-17 13:56:46 +0000	3677291
	gcc	2002-08-09 09:34:17 +0100	3797408
	gcc	2002-09-10 14:14:38 +0200	3823683
	gcc	2002-10-02 20:02:10 +0000	3836400
	gcc	2002-10-29 18:03:37 +0000	3853187
	gcc	2002-11-26 21:08:08 +0100	3880760
	gcc	2002-12-28 14:57:59 +0100	3924630
	gcc	2003-01-16 22:06:04 +0000	3938066
	gcc	2003-02-04 18:08:16 +0000	3978291
	gcc	2003-02-23 14:10:50 +0000	4062072
	gcc	2003-03-11 05:34:45 -0500	4087324
	gcc	2003-03-30 17:56:33 +0100	4109827
	gcc	2003-04-19 21:23:20 +0000	4135967
	gcc	2003-05-08 20:00:44 -0400	4156600
	gcc	2003-05-31 18:32:42 -0400	4140531
	gcc	2003-06-14 09:14:38 +0000	4140939
	gcc	2003-06-27 19:29:01 +0000	4176922
	gcc	2003-07-10 18:04:25 +0000	4184467
	gcc	2003-07-30 00:16:06 +0000	4214817
	gcc	2003-08-23 18:09:32 +0000	4272736
	gcc	2003-09-18 21:35:46 +0200	4301284
	gcc	2003-10-07 19:24:53 +0000	4313593
	gcc	2003-10-22 23:21:14 +0000	4408790
	gcc	2003-11-12 20:25:24 -0500	4882654
	gcc	2003-12-03 23:04:23 +0000	4899901
	gcc	2003-12-22 21:05:22 +0000	4960281
	gcc	2004-01-12 23:54:59 -0800	4971065
	gcc	2004-01-26 00:20:07 +0000	4982972
	gcc	2004-02-07 21:48:34 -0500	4966863
	gcc	2004-02-26 11:35:06 +0000	5007843
	gcc	2004-03-15 15:30:58 +0000	5035740
	gcc	2004-04-12 00:52:24 +0000	5012748
	gcc	2004-05-05 21:58:54 +0100	5056656
	gcc	2004-05-28 13:02:05 -0400	5208523
	gcc	2004-06-15 13:43:33 +0000	5210924
	gcc	2004-06-29 22:01:35 +0000	5237170
	gcc	2004-07-10 19:54:35 +0200	5266511
	gcc	2004-07-25 01:10:28 -0700	5264455
	gcc	2004-08-13 22:01:02 +0000	5296432
	gcc	2004-08-28 11:18:12 +0000	5366666
	gcc	2004-09-11 18:53:55 +0000	5392491
	gcc	2004-09-25 14:19:02 +0000	5438124
	gcc	2004-10-10 13:16:35 +0000	5456770
	gcc	2004-10-27 00:16:16 +0000	5489189
	gcc	2004-11-09 00:49:00 +0000	5505318
	gcc	2004-11-23 01:22:58 +0000	5525472
	gcc	2004-12-04 09:08:42 +0000	5647411
	gcc	2004-12-23 13:02:33 +0000	5707133
	gcc	2005-01-16 12:51:04 +0000	5726386
	gcc	2005-02-02 18:03:20 +0000	5817470
	gcc	2005-02-22 14:06:53 +0000	5915829
	gcc	2005-03-10 22:46:08 +0000	5934202
	gcc	2005-03-25 19:24:12 +0000	5935268
	gcc	2005-04-08 21:29:13 +0000	5983147
	gcc	2005-04-23 02:23:28 +0000	6038925
	gcc	2005-05-08 23:56:29 +0200	6082160
	gcc	2005-05-25 15:10:00 +0200	6101287
	gcc	2005-06-09 22:27:41 +0000	6138221
	gcc	2005-06-30 00:16:30 +0000	6246279
	gcc	2005-07-21 00:55:20 +0000	6676875
	gcc	2005-08-14 23:13:58 +0000	6695255
	gcc	2005-09-07 03:50:08 +0000	6698689
	gcc	2005-10-05 15:57:43 +0000	6884880
	gcc	2005-11-04 09:46:43 +0000	6904503
	gcc	2005-11-23 07:07:33 +0000	7004406
	gcc	2005-12-14 17:30:34 +0000	7159906
	gcc	2006-01-11 20:25:09 +0000	7188244
	gcc	2006-02-01 13:40:05 +0000	7341022
	gcc	2006-02-20 08:29:17 +0000	7387078
	gcc	2006-03-22 07:54:45 +0000	7573642
	gcc	2006-04-24 15:33:16 +0000	7567634
	gcc	2006-05-24 21:32:12 +0000	7590138
	gcc	2006-06-23 16:21:54 +0000	7857498
	gcc	2006-08-04 17:05:38 +0000	7874556
	gcc	2006-09-12 16:28:43 +0000	7954693
	gcc	2006-10-13 22:46:58 +0000	7985683
	gcc	2006-11-03 17:32:39 +0000	8030703
	gcc	2006-11-30 19:25:08 +0000	8069839
	gcc	2007-01-01 22:03:23 +0000	8117384
	gcc	2007-01-21 16:12:10 +0000	8826594
	gcc	2007-02-09 17:27:15 -0800	8847698
	gcc	2007-03-05 10:57:09 +0000	8881797
	gcc	2007-03-27 15:51:41 +0000	9029736
	gcc	2007-04-16 20:12:05 +0000	9066295
	gcc	2007-05-10 11:15:07 +0000	9087857
	gcc	2007-06-06 12:15:55 +0200	9308128
	gcc	2007-06-27 22:18:59 +0000	9391236
	gcc	2007-07-17 13:52:28 -0400	9549047
	gcc	2007-08-14 10:39:00 +0200	9656514
	gcc	2007-09-01 09:07:17 +0000	9699803
	gcc	2007-09-17 23:41:36 +0000	9795740
	gcc	2007-10-12 07:56:56 +0200	9886040
	gcc	2007-11-05 23:00:07 +0100	9912510
	gcc	2007-12-04 14:17:14 +1100	9971453
	gcc	2008-01-01 23:08:05 +0000	10004283
	gcc	2008-01-29 01:39:11 +0300	10007435
	gcc	2008-02-29 21:41:38 +0000	10045562
	gcc	2008-03-27 16:34:55 +0000	9957247
	gcc	2008-04-18 19:37:42 +0000	10006089
	gcc	2008-05-15 23:19:39 -0700	10036557
	gcc	2008-05-30 18:28:48 +0000	10061942
	gcc	2008-07-02 00:17:10 +0000	10105755
	gcc	2008-07-30 12:20:43 -0700	10162093
	gcc	2008-08-12 13:25:22 +0000	10175873
	gcc	2008-08-31 15:54:54 +0000	10265687
	gcc	2008-09-23 16:06:43 +0000	10340275
	gcc	2008-11-01 02:22:55 +0000	10514462
	gcc	2008-12-01 15:34:51 +0100	10557977
	gcc	2009-01-06 21:58:46 +0000	10571323
	gcc	2009-02-13 00:16:39 +0000	10590150
	gcc	2009-03-28 11:08:16 +0000	10601114
	gcc	2009-04-11 12:30:29 +0200	10622430
	gcc	2009-04-24 07:09:22 +0000	10635410
	gcc	2009-05-12 06:42:59 +0000	10651996
	gcc	2009-06-05 14:03:09 -0400	10687281
	gcc	2009-06-27 10:02:58 +0000	10787045
	gcc	2009-07-20 21:00:52 +0000	10794483
	gcc	2009-08-14 00:17:14 +0000	10876684
	gcc	2009-09-09 00:43:36 +0000	10778536
	gcc	2009-10-01 05:13:56 +0000	10814063
	gcc	2009-10-23 16:09:45 -0400	10892237
	gcc	2009-11-18 10:53:52 +0100	10927554
	gcc	2009-12-01 20:41:52 +0100	10948313
	gcc	2010-01-03 16:52:50 -0800	11020201
	gcc	2010-01-29 18:21:39 +0000	11039536
	gcc	2010-03-01 15:43:32 +0000	11065872
	gcc	2010-04-01 14:05:49 +0000	11083915
	gcc	2010-04-24 18:53:47 +0000	11104335
	gcc	2010-05-16 14:47:38 +0000	11127796
	gcc	2010-06-02 21:57:08 +0200	11147886
	gcc	2010-06-17 21:15:51 +0200	11165553
	gcc	2010-07-02 20:01:05 +0000	11218369
	gcc	2010-07-22 18:14:27 +0000	11237491
	gcc	2010-08-11 20:27:51 +0000	11256139
	gcc	2010-09-06 00:49:07 -0400	11285415
	gcc	2010-09-22 08:31:14 +0000	11312771
	gcc	2010-10-08 11:40:32 +0200	11407669
	gcc	2010-10-21 12:25:12 +0000	11446662
	gcc	2010-11-05 15:53:25 +0000	11502471
	gcc	2010-11-20 19:37:08 +0000	11628308
	gcc	2010-12-09 18:20:09 +0000	12002975
	gcc	2010-12-29 21:09:04 -0500	12018317
	gcc	2011-01-19 16:55:24 +0000	12036772
	gcc	2011-02-08 14:16:50 +0000	12089705
	gcc	2011-03-02 22:35:36 +0000	12107886
	gcc	2011-03-24 16:08:50 +0000	12094289
	gcc	2011-04-07 22:48:01 +0100	12104918
	gcc	2011-04-25 22:00:02 +0200	12124121
	gcc	2011-05-13 09:35:28 +0000	12145014
	gcc	2011-05-31 12:31:04 +0000	12179327
	gcc	2011-06-18 15:06:26 +0000	12190750
	gcc	2011-07-09 17:48:42 +0200	12226057
	gcc	2011-07-29 09:57:03 +0000	12258924
	gcc	2011-08-05 15:15:33 -0400	12390509
	gcc	2011-08-29 15:38:55 +0200	12443863
	gcc	2011-09-17 17:22:42 +0200	12501140
	gcc	2011-10-07 19:28:55 +0000	12552983
	gcc	2011-10-24 20:11:31 +0100	12585349
	gcc	2011-11-07 09:03:20 +0000	12648932
	gcc	2011-11-23 21:29:08 +0100	12728344
	gcc	2011-12-14 11:26:13 +0000	12769274
	gcc	2012-01-09 10:13:01 +0000	12797732
	gcc	2012-01-30 12:55:41 +0000	12835479
	gcc	2012-02-23 22:02:27 +0100	12969947
	gcc	2012-03-14 18:01:06 +0000	12987909
	gcc	2012-04-11 21:31:06 +0100	13021038
	gcc	2012-05-03 17:29:07 -0400	13068522
	gcc	2012-05-29 01:52:16 +0000	13081666
	gcc	2012-06-21 12:24:52 +0000	13099135
	gcc	2012-07-19 10:35:18 -0400	13157064
	gcc	2012-08-15 22:15:44 +0000	13173382
	gcc	2012-09-11 20:12:12 +0000	13194173
	gcc	2012-10-02 10:16:40 +0200	13246866
	gcc	2012-10-22 08:42:34 +0000	13279294
	gcc	2012-11-06 17:00:35 +0100	13414303
	gcc	2012-11-26 18:08:44 +0000	13527665
	gcc	2012-12-18 10:00:18 +0000	13551086
	gcc	2013-01-16 13:57:48 +0000	13584669
	gcc	2013-02-13 11:01:13 +0100	13613686
	gcc	2013-03-16 23:11:07 -0400	13666310
	gcc	2013-04-10 08:33:26 +0200	13683279
	gcc	2013-04-29 11:14:26 +0000	13710185
	gcc	2013-05-24 14:09:55 -0400	13733583
	gcc	2013-06-24 00:16:45 +0000	13770787
	gcc	2013-07-25 15:04:03 +0000	13690968
	gcc	2013-08-28 16:41:27 +0200	13746919
	gcc	2013-09-20 19:17:52 +0930	13778643
	gcc	2013-10-14 14:39:11 +0200	13856322
	gcc	2013-11-01 11:10:55 +0000	13947548
	gcc	2013-11-19 15:02:27 +0000	14033193
	gcc	2013-12-07 20:27:19 +0100	14061454
	gcc	2014-01-08 16:37:08 +0000	14148353
	gcc	2014-01-27 00:17:04 +0000	14168864
	gcc	2014-02-16 21:58:43 +0000	14197421
	gcc	2014-03-13 09:51:52 +0000	14293707
	gcc	2014-04-14 15:51:35 +0100	14314233
	gcc	2014-05-08 14:35:40 +0000	14334184
	gcc	2014-05-27 10:23:20 +0000	14362672
	gcc	2014-06-17 14:30:54 +0200	14391482
	gcc	2014-07-11 17:10:49 -0400	14424613
	gcc	2014-07-30 14:34:21 +0200	14459677
	gcc	2014-08-13 14:16:48 +0000	14436486
	gcc	2014-08-27 12:48:23 +0000	14452444
	gcc	2014-09-14 08:05:43 +0000	14457783
	gcc	2014-10-08 21:51:41 +0000	14482301
	gcc	2014-10-25 01:22:02 +0100	14528061
	gcc	2014-11-12 14:33:18 +0000	14675474
	gcc	2014-11-22 15:41:26 -0800	14784959
	gcc	2014-12-10 19:08:57 +0000	14813704
	gcc	2015-01-06 11:35:08 +0100	14847403
	gcc	2015-01-19 14:11:54 +0100	14972954
	gcc	2015-02-04 23:26:40 +0000	15001293
	gcc	2015-02-27 14:11:53 +0000	15159792
	gcc	2015-03-25 17:14:40 +0000	15215899
	gcc	2015-04-23 10:26:25 +0000	15212866
	gcc	2015-05-12 06:37:43 +0000	15243586
	gcc	2015-05-25 14:37:37 +0200	15285617
	gcc	2015-06-11 23:20:33 +0000	15359342
	gcc	2015-07-02 07:37:35 +0000	15385188
	gcc	2015-07-23 19:57:22 +0000	15404268
	gcc	2015-08-17 14:42:04 -0400	15488636
	gcc	2015-09-12 16:35:20 +0000	15513891
	gcc	2015-10-02 23:18:06 +0100	15529330
	gcc	2015-10-22 05:12:32 +0000	15564715
	gcc	2015-11-06 13:47:17 +0000	15656834
	gcc	2015-11-17 16:49:18 -0500	15711137
	gcc	2015-12-02 10:22:23 +0000	15736135
	gcc	2015-12-17 16:33:44 -0700	15786810
	gcc	2016-01-16 14:52:21 -0800	15866296
	gcc	2016-02-04 10:02:01 +0100	15936373
	gcc	2016-02-29 20:48:24 +0000	16055213
	gcc	2016-03-26 10:08:47 +0000	16068165
	gcc	2016-04-21 10:52:31 +0200	16094368
	gcc	2016-05-06 15:14:05 +0000	16105082
	gcc	2016-05-26 11:29:28 +0200	16143121
	gcc	2016-06-16 11:27:41 +0200	16169927
	gcc	2016-07-12 00:16:21 +0000	16097334
	gcc	2016-08-02 00:16:13 +0000	16163254
	gcc	2016-08-25 14:08:27 +0000	16188846
	gcc	2016-09-23 07:58:07 +0000	16238545
	gcc	2016-10-11 11:49:32 +0000	13444992
	gcc	2016-10-26 09:49:25 -0600	13474929
	gcc	2016-11-15 16:54:29 +0100	13510256
	gcc	2016-11-30 00:05:46 +0000	13532966
	gcc	2016-12-15 21:54:18 +0100	13505411
	gcc	2017-01-11 17:41:49 +0000	13564764
	gcc	2017-01-24 13:09:27 +0000	13705519
	gcc	2017-02-17 00:16:20 +0000	13543360
	gcc	2017-03-14 14:51:19 +0000	13559194
	gcc	2017-04-11 19:21:51 +0200	13575571
	gcc	2017-05-02 15:07:12 +0200	13612592
	gcc	2017-05-18 18:32:06 +0100	13641354
	gcc	2017-06-08 17:16:10 +0000	13782669
	gcc	2017-06-28 07:03:35 +0000	13828848
	gcc	2017-07-20 10:03:34 +0000	13848103
	gcc	2017-08-14 14:04:31 -0400	13871883
	gcc	2017-09-06 13:56:31 +0200	13896643
	gcc	2017-09-25 09:44:18 +0300	13920775
	gcc	2017-10-13 13:37:49 +0000	13954025
	gcc	2017-11-01 16:52:34 -0600	14004344
	gcc	2017-11-17 10:26:43 -0700	14032571
	gcc	2017-12-06 16:42:02 -0500	13987474
	gcc	2017-12-29 19:25:31 +0000	14032002
	gcc	2018-01-12 21:19:48 +0100	14104186
	gcc	2018-01-30 23:57:51 +0100	14161191
	gcc	2018-02-20 11:56:01 -0700	14235904
	gcc	2018-03-16 12:04:29 +0000	14257789
	gcc	2018-04-10 10:23:49 -0400	14279959
	gcc	2018-05-08 14:16:19 +0200	14304206
	gcc	2018-05-25 08:08:21 +0000	14339355
	gcc	2018-06-09 22:28:54 +0000	14320074
	gcc	2018-06-29 14:03:36 +0000	14345534
	gcc	2018-07-23 13:27:38 +0200	14373338
	gcc	2018-08-15 18:09:35 +0000	14394670
	gcc	2018-09-11 21:34:14 +0000	14436214
	gcc	2018-10-04 08:36:20 -0500	14513214
	gcc	2018-10-30 11:27:32 +0000	15423548
	gcc	2018-11-15 15:18:43 +0000	15513435
	gcc	2018-12-04 14:31:11 +0100	15536042
	gcc	2018-12-22 14:14:44 +0000	15449754
	gcc	2019-01-17 08:45:00 +0000	15468570
	gcc	2019-02-10 08:14:07 +0000	15594512
	gcc	2019-03-05 09:43:16 +0100	15626337
	gcc	2019-03-31 14:34:41 +0000	15688476
	gcc	2019-04-29 23:45:23 +0100	15701343
	gcc	2019-05-19 11:20:44 -0500	15702904
	gcc	2019-06-07 00:16:19 +0000	15722136
	gcc	2019-06-26 23:54:38 +0100	15766152
	gcc	2019-07-10 09:00:59 +0000	15815992
	gcc	2019-08-02 17:51:53 +0000	15847228
	gcc	2019-08-20 08:53:23 +0000	15884789
	gcc	2019-09-11 12:38:15 +0100	15938809
	gcc	2019-10-01 18:38:58 +0000	15956934
	gcc	2019-10-18 19:03:27 +0000	15993036
	gcc	2019-11-06 21:46:00 +0000	16292953
	gcc	2019-11-20 09:29:13 +0000	16328260
	gcc	2019-12-10 11:30:49 +0000	16394370
	gcc	2020-01-03 22:35:48 +0300	16424448
	gcc	2020-01-23 09:19:15 +0000	16659606
	gcc	2020-02-12 13:22:07 -0800	16706147
	gcc	2020-03-05 11:41:14 +0000	16803235
	gcc	2020-03-31 15:00:32 +0300	16971432
	gcc	2020-04-23 10:11:01 -0400	17025962
	gcc	2020-05-11 16:52:45 +0200	17038981
	gcc	2020-05-29 08:44:37 +0100	17077320
	gcc	2020-06-10 13:19:08 +0200	17092713
	gcc	2020-06-22 12:17:41 +0200	17121390
	gcc	2020-07-10 08:07:12 -0700	17136721
	gcc	2020-07-31 15:19:13 +0200	17154058
	gcc	2020-08-26 17:12:07 -0600	17201116
	gcc	2020-09-21 19:31:22 +0100	17231291
	gcc	2020-10-10 16:45:32 +0100	17261239
	gcc	2020-10-22 10:28:56 +0800	17303796
	gcc	2020-11-03 09:13:07 +0100	17331960
	gcc	2020-11-17 13:53:14 +0800	17374031
	gcc	2020-11-28 06:57:06 -0800	17411558
	gcc	2020-12-11 18:22:52 +0000	17456930
	gcc	2021-01-01 01:40:40 -0300	17672776
	gcc	2021-01-20 19:29:42 +0000	17690508
	gcc	2021-02-16 14:07:26 -0500	17747184
	gcc	2021-03-16 21:17:44 +0100	17825146
	gcc	2021-04-12 13:31:17 +0100	17863123
	gcc	2021-04-30 11:15:13 +0200	17883310
	gcc	2021-05-12 14:51:15 +0100	17832012
	gcc	2021-06-03 10:32:40 -0400	17862025
	gcc	2021-06-18 04:36:49 -0400	17891701
	gcc	2021-07-06 14:46:53 +0000	17927089
	gcc	2021-07-23 06:10:39 -0700	17950495
	gcc	2021-08-16 17:51:42 +0100	18039089
	gcc	2021-09-06 05:13:47 -0700	18093810
	gcc	2021-09-22 15:01:45 +0000	18158368
	gcc	2021-10-08 10:09:55 +0800	18189926
	gcc	2021-10-25 15:07:20 +0000	18244801
	gcc	2021-11-10 12:31:01 +0000	18276984
	gcc	2021-11-26 22:28:48 +0000	18306434
	gcc	2021-12-15 02:30:20 -0500	18473806
	gcc	2022-01-10 21:00:07 +0100	18498327
	gcc	2022-01-25 14:28:13 -0500	18569296
	gcc	2022-02-19 00:16:17 +0000	18643866
	gcc	2022-03-21 10:51:56 +0000	18741162
	gcc	2022-04-14 21:00:14 -0400	18786702
	gcc	2022-05-11 08:53:19 +0000	18802677
	gcc	2022-05-24 21:00:33 +0800	18820200
	gcc	2022-06-20 00:16:24 +0000	18842021
	gcc	2022-07-11 15:59:00 +0100	18807412
	gcc	2022-08-15 09:21:33 -0300	18832619
	gcc	2022-09-06 09:14:23 +0200	18871371
	gcc	2022-09-28 17:27:11 +0200	18874155
	gcc	2022-10-18 10:39:09 +0200	18906248
	gcc	2022-11-08 09:35:00 +0100	18869609
	gcc	2022-11-22 08:06:14 +0100	18922044
	gcc	2022-12-13 14:00:06 +0100	19100043
	gcc	2023-01-11 10:40:54 +0100	19714119
	gcc	2023-01-31 14:16:49 +0100	19911128
	gcc	2023-02-13 23:30:37 +0100	20786273
	gcc	2023-03-02 10:30:21 +0000	21112108
	gcc	2023-03-24 09:42:18 +0100	19940937
	gcc	2023-04-19 13:18:12 +0100	19963574
	gcc	2023-05-05 16:12:00 +0200	19997154
	gcc	2023-05-17 21:53:00 +0200	19999634
	gcc	2023-05-30 09:12:17 +0200	20048471
	gcc	2023-06-14 17:08:03 +0100	20074430
	gcc	2023-07-03 10:05:52 +0100	20120455
	gcc	2023-07-21 08:52:54 +0200	20162796
	gcc	2023-08-11 00:23:14 +0200	20201853
	gcc	2023-08-30 18:46:09 +0800	20245936
	gcc	2023-09-14 16:28:45 -0400	20508715
	gcc	2023-10-07 12:57:12 +0800	20549289
	gcc	2023-10-24 10:58:40 +0100	20587675
	gcc	2023-11-10 09:47:29 +0000	20624471
	gcc	2023-11-22 10:37:33 +0000	20657121
	gcc	2023-12-05 17:53:50 +0000	20832587
	gcc	2023-12-16 08:59:34 -0800	20916307
	gcc	2024-01-09 13:28:08 +0000	20964029
	gcc	2024-01-16 18:34:11 +0100	20996663
	gcc	2024-01-16 19:00:33 +0100	21017535
	gcc	2024-01-23 19:59:00 +0100	21047916
	gcc	2024-02-05 11:28:30 -0800	21090065
	gcc	2024-02-29 19:45:57 -0800	21182978
	gcc	2024-03-27 08:50:47 +0100	21210135
	gcc	2024-04-25 15:20:25 +0200	21239483
	gcc	2024-05-13 10:03:33 +0200	21258219
	gcc	2024-05-28 00:16:59 +0000	21273603
	gcc	2024-06-13 07:00:13 -0700	21313031
	gcc	2024-06-30 11:42:57 +0200	21349249
	gcc	2024-07-19 17:39:40 -0400	21376350
	gcc	2024-08-01 16:52:30 +0200	21525831
	gcc	2024-08-20 08:34:36 -0400	21557263
	gcc	2024-09-05 16:45:46 +0800	21697455
	gcc	2024-09-27 13:49:23 +1000	21731563
	gcc	2024-10-15 09:39:29 +0200	21803945
	gcc	2024-10-30 18:50:11 +0000	21836189
	gcc	2024-11-13 20:21:41 +0000	21985531
	gcc	2024-11-25 16:11:46 -0500	22036654
	gcc	2024-12-10 18:37:57 -0500	22096621
	gcc	2025-01-03 16:39:13 +0100	22128334
	gcc	2025-01-16 14:23:37 -0500	22170221
	gcc	2025-02-07 10:44:18 +0100	22220873
	gcc	2025-03-05 22:10:26 +0000	22332129
	gcc	2025-03-18 16:09:04 -0400	22512747
	gcc	2025-03-24 14:24:35 +0800	22527176
	gcc	2025-04-02 14:44:26 +0000	22557946
	gcc	2025-04-19 08:07:58 -0600	22600700
	gcc	2025-05-08 12:59:02 +0200	22642685
	gcc	2025-05-27 12:31:19 -0400	23729101
	gcc	2025-06-09 15:26:35 +0100	23745708
	gcc	2025-06-30 19:04:49 +0530	23785740
	gcc	2025-07-13 10:05:17 -0400	23823161
	gcc	2025-07-31 00:21:08 +0000	23856854
	gcc	2025-08-08 16:55:46 -0400	23913481
	gcc	2025-09-02 21:51:33 +0100	23945131
	gcc	2025-09-19 00:20:17 +0000	23974867
