	llvm-project	2001-06-06 20:29:01 +0000	0
	llvm-project	2001-11-03 09:19:00 +0000	48144
	llvm-project	2002-04-18 17:39:14 +0000	64956
	llvm-project	2002-08-20 18:47:53 +0000	80695
	llvm-project	2002-11-04 00:21:19 +0000	98300
	llvm-project	2003-03-05 20:35:24 +0000	116081
	llvm-project	2003-06-29 00:23:11 +0000	130296
	llvm-project	2003-08-29 00:29:55 +0000	175416
	llvm-project	2003-10-23 03:30:55 +0000	185657
	llvm-project	2004-01-09 06:22:34 +0000	221047
	llvm-project	2004-02-29 05:57:21 +0000	326999
	llvm-project	2004-05-12 21:35:21 +0000	343478
	llvm-project	2004-07-13 07:59:27 +0000	361607
	llvm-project	2004-08-24 14:03:23 +0000	346752
	llvm-project	2004-11-01 19:54:06 +0000	398551
	llvm-project	2004-12-10 08:39:28 +0000	317153
	llvm-project	2005-02-01 15:59:28 +0000	323977
	llvm-project	2005-04-22 18:00:34 +0000	330058
	llvm-project	2005-08-08 21:21:03 +0000	347051
	llvm-project	2005-10-20 02:15:44 +0000	365460
	llvm-project	2005-12-28 02:44:35 +0000	370714
	llvm-project	2006-02-14 01:01:41 +0000	378748
	llvm-project	2006-03-31 19:52:36 +0000	390765
	llvm-project	2006-05-23 13:43:15 +0000	376416
	llvm-project	2006-08-14 23:19:57 +0000	389387
	llvm-project	2006-10-18 01:20:43 +0000	404726
	llvm-project	2006-12-06 01:48:55 +0000	435660
	llvm-project	2007-01-22 23:13:01 +0000	388600
	llvm-project	2007-02-25 23:08:29 +0000	394382
	llvm-project	2007-04-08 20:08:01 +0000	407719
	llvm-project	2007-05-07 23:15:16 +0000	406180
	llvm-project	2006-07-03 01:27:27 +0000	417337
	llvm-project	2007-06-28 05:49:50 +0000	417341
	llvm-project	2007-08-23 05:22:10 +0000	431475
	llvm-project	2007-10-05 01:10:49 +0000	439614
	llvm-project	2007-11-07 05:25:31 +0000	452424
	llvm-project	2007-12-16 20:26:54 +0000	472594
	llvm-project	2008-01-25 17:49:41 +0000	480819
	llvm-project	2008-02-26 01:29:32 +0000	482635
	llvm-project	2008-03-27 03:50:10 +0000	492104
	llvm-project	2008-04-30 03:07:53 +0000	480008
	llvm-project	2008-06-03 18:14:29 +0000	483769
	llvm-project	2008-07-08 16:40:43 +0000	490700
	llvm-project	2008-08-11 18:12:00 +0000	495439
	llvm-project	2008-09-09 22:13:54 +0000	504086
	llvm-project	2008-10-14 05:35:18 +0000	513540
	llvm-project	2008-11-08 20:34:18 +0000	525600
	llvm-project	2008-11-29 08:51:16 +0000	530943
	llvm-project	2008-12-29 21:20:51 +0000	538465
	llvm-project	2009-01-23 01:25:58 +0000	528216
	llvm-project	2009-02-09 21:01:06 +0000	531735
	llvm-project	2009-02-26 23:01:51 +0000	534109
	llvm-project	2009-03-15 00:11:28 +0000	536409
	llvm-project	2009-04-03 00:29:19 +0000	540435
	llvm-project	2009-04-21 21:51:34 +0000	544428
	llvm-project	2009-05-08 17:32:47 +0000	550569
	llvm-project	2009-06-02 22:08:07 +0000	553102
	llvm-project	2009-06-25 01:07:00 +0000	568245
	llvm-project	2009-07-12 19:45:34 +0000	580819
	llvm-project	2009-07-22 08:12:59 +0000	591336
	llvm-project	2009-08-03 04:21:41 +0000	592280
	llvm-project	2009-08-16 17:54:29 +0000	601910
	llvm-project	2009-08-31 02:24:20 +0000	617022
	llvm-project	2009-09-16 00:32:15 +0000	623195
	llvm-project	2009-10-07 00:33:10 +0000	620970
	llvm-project	2009-10-22 00:17:26 +0000	625434
	llvm-project	2009-11-07 00:16:28 +0000	632826
	llvm-project	2009-11-18 03:42:04 +0000	622087
	llvm-project	2009-12-04 01:53:15 +0000	626362
	llvm-project	2009-12-21 23:04:33 +0000	635021
	llvm-project	2010-01-10 20:30:41 +0000	635418
	llvm-project	2010-01-25 17:10:22 +0000	636248
	llvm-project	2010-02-10 00:47:53 +0000	623645
	llvm-project	2010-02-25 02:00:27 +0000	631748
	llvm-project	2010-03-13 01:05:02 +0000	632731
	llvm-project	2010-03-30 10:08:26 +0000	637105
	llvm-project	2010-04-15 15:06:18 +0000	648261
	llvm-project	2010-05-05 05:47:36 +0000	653507
	llvm-project	2010-05-26 01:21:14 +0000	659854
	llvm-project	2010-06-17 17:50:54 +0000	661413
	llvm-project	2010-07-05 10:38:01 +0000	664133
	llvm-project	2010-07-20 21:45:17 +0000	668770
	llvm-project	2010-08-06 20:03:27 +0000	677364
	llvm-project	2010-08-23 01:17:59 +0000	682789
	llvm-project	2010-09-03 18:39:25 +0000	681583
	llvm-project	2010-09-20 20:40:00 +0000	686419
	llvm-project	2010-10-06 19:38:08 +0000	688570
	llvm-project	2010-10-22 18:45:12 +0000	688287
	llvm-project	2010-11-08 16:45:26 +0000	696201
	llvm-project	2010-11-21 08:05:25 +0000	704482
	llvm-project	2010-12-08 02:46:25 +0000	713271
	llvm-project	2010-12-24 05:03:26 +0000	720406
	llvm-project	2011-01-18 22:20:08 +0000	728024
	llvm-project	2011-02-08 05:24:57 +0000	739236
	llvm-project	2011-02-25 17:08:07 +0000	742144
	llvm-project	2011-03-17 03:06:07 +0000	746368
	llvm-project	2011-04-07 23:21:52 +0000	753044
	llvm-project	2011-04-28 20:34:18 +0000	759495
	llvm-project	2011-05-19 18:17:41 +0000	762164
	llvm-project	2011-06-13 23:16:05 +0000	767164
	llvm-project	2011-07-01 20:45:01 +0000	771998
	llvm-project	2011-07-19 20:11:17 +0000	774005
	llvm-project	2011-08-03 18:21:12 +0000	780193
	llvm-project	2011-08-19 21:21:28 +0000	780921
	llvm-project	2011-09-08 18:05:08 +0000	786032
	llvm-project	2011-09-24 01:37:58 +0000	789563
	llvm-project	2011-10-11 01:02:24 +0000	803727
	llvm-project	2011-10-24 23:40:46 +0000	847142
	llvm-project	2011-11-09 22:46:10 +0000	837893
	llvm-project	2011-11-30 18:12:06 +0000	835602
	llvm-project	2011-12-16 23:40:14 +0000	867779
	llvm-project	2012-01-11 23:43:34 +0000	870058
	llvm-project	2012-01-29 20:15:10 +0000	876619
	llvm-project	2012-02-13 18:17:04 +0000	882493
	llvm-project	2012-02-28 20:49:04 +0000	887810
	llvm-project	2012-03-15 22:00:28 +0000	892241
	llvm-project	2012-04-05 10:10:57 +0000	894184
	llvm-project	2012-04-25 08:35:56 +0000	897834
	llvm-project	2012-05-15 22:59:54 +0000	939396
	llvm-project	2012-06-07 10:09:41 +0000	929837
	llvm-project	2012-06-28 18:09:12 +0000	933162
	llvm-project	2012-07-21 02:02:15 +0000	936972
	llvm-project	2012-08-14 08:18:43 +0000	942734
	llvm-project	2012-09-01 06:38:53 +0000	947908
	llvm-project	2012-09-19 09:25:03 +0000	960153
	llvm-project	2012-10-09 01:47:16 +0000	969527
	llvm-project	2012-10-25 21:15:04 +0000	981703
	llvm-project	2012-11-14 21:45:43 +0000	985803
	llvm-project	2012-12-04 14:46:19 +0000	975603
	llvm-project	2012-12-19 13:46:58 +0000	1004899
	llvm-project	2013-01-08 02:12:15 +0000	1006639
	llvm-project	2013-01-21 06:57:59 +0000	1011213
	llvm-project	2013-02-01 09:14:21 +0000	1040424
	llvm-project	2013-02-15 21:21:52 +0000	1043613
	llvm-project	2013-03-04 13:43:19 +0000	1048815
	llvm-project	2013-03-20 23:53:45 +0000	1051688
	llvm-project	2013-04-04 20:56:42 +0000	1060095
	llvm-project	2013-04-20 07:22:58 +0000	1069419
	llvm-project	2013-05-08 06:44:42 +0000	1085658
	llvm-project	2013-05-24 20:44:02 +0000	1089933
	llvm-project	2013-06-13 03:23:42 +0000	1094080
	llvm-project	2013-06-26 18:20:56 +0000	1095608
	llvm-project	2013-07-11 23:15:05 +0000	1102509
	llvm-project	2013-07-26 22:03:03 +0000	1092345
	llvm-project	2013-08-14 15:28:40 +0000	1105687
	llvm-project	2013-08-29 00:19:03 +0000	1121138
	llvm-project	2013-09-13 10:59:01 +0000	1126003
	llvm-project	2013-10-01 16:52:46 +0000	1136168
	llvm-project	2013-10-17 18:18:52 +0000	1136649
	llvm-project	2013-11-04 23:14:36 +0000	1141467
	llvm-project	2013-11-19 20:33:32 +0000	1155232
	llvm-project	2013-12-06 02:00:41 +0000	1160140
	llvm-project	2013-12-21 17:15:13 +0000	1166079
	llvm-project	2014-01-14 17:41:53 +0000	1175564
	llvm-project	2014-01-29 18:57:46 +0000	1183064
	llvm-project	2014-02-17 22:18:51 +0000	1191037
	llvm-project	2014-03-02 21:17:44 +0000	1161632
	llvm-project	2014-03-13 10:43:02 +0000	1137369
	llvm-project	2014-03-27 08:38:18 +0000	1141770
	llvm-project	2014-04-11 16:57:42 +0000	1211709
	llvm-project	2014-04-25 10:25:29 +0000	1220233
	llvm-project	2014-05-08 17:06:33 +0000	1226968
	llvm-project	2014-05-23 16:58:18 +0000	1232954
	llvm-project	2014-06-11 17:40:32 +0000	1198266
	llvm-project	2014-06-26 13:41:10 +0000	1205604
	llvm-project	2014-07-12 15:41:03 +0000	1215254
	llvm-project	2014-07-26 23:44:22 +0000	1233374
	llvm-project	2014-08-10 16:54:39 +0000	1241281
	llvm-project	2014-08-26 23:27:51 +0000	1252013
	llvm-project	2014-09-12 16:57:28 +0000	1249921
	llvm-project	2014-10-01 20:52:55 +0000	1256040
	llvm-project	2014-10-16 18:38:36 +0000	1260669
	llvm-project	2014-11-02 22:46:42 +0000	1265365
	llvm-project	2014-11-18 03:40:46 +0000	1272397
	llvm-project	2014-12-05 10:06:06 +0000	1279370
	llvm-project	2014-12-19 23:52:45 +0000	1289301
	llvm-project	2015-01-13 10:47:00 +0000	1298608
	llvm-project	2015-01-24 10:57:25 +0000	1307174
	llvm-project	2015-02-04 18:46:00 +0000	1318253
	llvm-project	2015-02-15 18:21:39 +0000	1330616
	llvm-project	2015-02-25 16:00:26 +0000	1339182
	llvm-project	2015-03-09 02:27:57 +0000	1342028
	llvm-project	2015-03-20 02:35:29 +0000	1345924
	llvm-project	2015-04-03 01:15:16 +0000	1355189
	llvm-project	2015-04-16 17:52:13 +0000	1360577
	llvm-project	2015-05-01 21:42:19 +0000	1369535
	llvm-project	2015-05-17 01:07:16 +0000	1383269
	llvm-project	2015-05-31 21:17:10 +0000	1389104
	llvm-project	2015-06-16 18:22:26 +0000	1402126
	llvm-project	2015-06-29 22:16:39 +0000	1410556
	llvm-project	2015-07-14 10:02:10 +0000	1423261
	llvm-project	2015-07-27 23:16:53 +0000	1430258
	llvm-project	2015-08-10 23:02:37 +0000	1437701
	llvm-project	2015-08-21 18:10:55 +0000	1443202
	llvm-project	2015-09-04 20:43:00 +0000	1448997
	llvm-project	2015-09-18 05:32:23 +0000	1455666
	llvm-project	2015-10-01 21:19:03 +0000	1461380
	llvm-project	2015-10-13 16:44:30 +0000	1464921
	llvm-project	2015-10-25 21:42:35 +0000	1478828
	llvm-project	2015-11-06 23:56:15 +0000	1487168
	llvm-project	2015-11-19 15:03:11 +0000	1500035
	llvm-project	2015-12-04 02:06:59 +0000	1514527
	llvm-project	2015-12-16 23:16:37 +0000	1524513
	llvm-project	2016-01-06 23:34:11 +0000	1532312
	llvm-project	2016-01-19 17:29:22 +0000	1550064
	llvm-project	2016-02-01 19:07:06 +0000	1523216
	llvm-project	2016-02-11 21:16:56 +0000	1536397
	llvm-project	2016-02-25 00:12:18 +0000	1546942
	llvm-project	2016-03-08 23:10:58 +0000	1551774
	llvm-project	2016-03-23 15:29:30 +0000	1561942
	llvm-project	2016-04-04 18:27:32 +0000	1579202
	llvm-project	2016-04-15 06:20:14 +0000	1589649
	llvm-project	2016-04-26 10:05:45 +0000	1597774
	llvm-project	2016-05-05 19:16:58 +0000	1604498
	llvm-project	2016-05-17 16:06:16 +0000	1615182
	llvm-project	2016-05-26 21:17:06 +0000	1625826
	llvm-project	2016-06-07 23:53:43 +0000	1633873
	llvm-project	2016-06-20 19:48:29 +0000	1638697
	llvm-project	2016-07-01 13:30:08 +0000	1644910
	llvm-project	2016-07-14 19:31:18 +0000	1651978
	llvm-project	2016-07-25 04:47:44 +0000	1661255
	llvm-project	2016-08-05 16:24:56 +0000	1679442
	llvm-project	2016-08-17 21:30:30 +0000	1686671
	llvm-project	2016-08-30 20:15:44 +0000	1696706
	llvm-project	2016-09-12 16:05:31 +0000	1709949
	llvm-project	2016-09-25 03:14:13 +0000	1715468
	llvm-project	2016-10-06 18:25:54 +0000	1724116
	llvm-project	2016-10-19 15:12:50 +0000	1731890
	llvm-project	2016-11-01 17:27:54 +0000	1742239
	llvm-project	2016-11-14 17:35:14 +0000	1749480
	llvm-project	2016-11-28 11:47:14 +0000	1756827
	llvm-project	2016-12-09 18:49:13 +0000	1766384
	llvm-project	2016-12-23 02:20:02 +0000	1779863
	llvm-project	2017-01-10 01:08:01 +0000	1785880
	llvm-project	2017-01-22 01:27:34 +0000	1797525
	llvm-project	2017-02-02 17:50:03 +0000	1810098
	llvm-project	2017-02-14 17:36:23 +0000	1858239
	llvm-project	2017-02-25 06:35:45 +0000	1870200
	llvm-project	2017-03-09 19:14:23 +0000	1877346
	llvm-project	2017-03-22 19:16:39 +0000	1887057
	llvm-project	2017-04-06 17:41:26 +0000	1894552
	llvm-project	2017-04-19 22:00:00 +0000	1902218
	llvm-project	2017-05-02 12:25:17 +0000	1909166
	llvm-project	2017-05-15 03:25:04 +0000	1920069
	llvm-project	2017-05-29 08:19:19 +0000	1928716
	llvm-project	2017-06-12 22:16:49 +0000	1945490
	llvm-project	2017-06-27 16:58:27 +0000	1959733
	llvm-project	2017-07-10 23:47:00 +0000	1965859
	llvm-project	2017-07-22 00:00:51 +0000	1977797
	llvm-project	2017-08-04 05:05:29 +0000	1985367
	llvm-project	2017-08-19 11:19:16 +0000	1999028
	llvm-project	2017-09-04 14:15:34 +0000	2014315
	llvm-project	2017-09-19 15:22:36 +0000	2014826
	llvm-project	2017-10-03 11:40:54 +0000	2023683
	llvm-project	2017-10-16 09:19:21 +0000	2041869
	llvm-project	2017-10-31 18:35:54 +0000	2046867
	llvm-project	2017-11-13 23:32:19 +0000	2055765
	llvm-project	2017-11-29 05:51:26 +0000	2065151
	llvm-project	2017-12-11 18:29:54 +0000	2079156
	llvm-project	2017-12-28 09:35:35 +0000	2093448
	llvm-project	2018-01-17 14:27:35 +0000	2100200
	llvm-project	2018-01-30 22:03:59 +0000	2111961
	llvm-project	2018-02-13 01:09:49 +0000	2115659
	llvm-project	2018-02-26 21:03:06 +0000	2120753
	llvm-project	2018-03-10 20:52:59 +0000	2132878
	llvm-project	2018-03-23 06:41:35 +0000	2138647
	llvm-project	2018-04-05 21:34:59 +0000	2146715
	llvm-project	2018-04-20 01:36:48 +0000	2152252
	llvm-project	2018-05-03 09:11:32 +0000	2156941
	llvm-project	2018-05-16 19:09:41 +0000	2160642
	llvm-project	2018-05-30 22:24:08 +0000	2168970
	llvm-project	2018-06-14 13:38:20 +0000	2177632
	llvm-project	2018-06-27 15:57:57 +0000	2188161
	llvm-project	2018-07-11 10:21:35 -0700	0
	llvm-project	2018-07-24 22:52:11 +0000	2213207
	llvm-project	2018-08-06 05:58:59 +0000	2220437
	llvm-project	2018-08-20 05:59:27 +0000	2229302
	llvm-project	2018-09-03 10:30:10 +0000	2239717
	llvm-project	2018-09-17 06:31:46 +0000	2248768
	llvm-project	2018-10-01 11:46:06 +0000	2257199
	llvm-project	2018-10-15 16:07:02 +0000	2268125
	llvm-project	2018-10-30 12:20:17 +0000	2277845
	llvm-project	2018-11-12 20:15:34 +0000	2284509
	llvm-project	2018-11-27 16:07:19 +0000	2294963
	llvm-project	2018-12-10 21:56:04 +0000	2301003
	llvm-project	2018-12-21 23:59:24 +0000	2310877
	llvm-project	2019-01-14 18:25:35 +0000	2318033
	llvm-project	2019-01-26 15:56:40 +0000	2319731
	llvm-project	2019-02-07 16:04:30 +0000	2326789
	llvm-project	2019-02-20 11:46:41 -0800	0
	llvm-project	2019-03-07 02:19:11 +0000	2337285
	llvm-project	2019-03-20 19:22:24 +0000	2341505
	llvm-project	2019-03-29 13:26:38 -0700	0
	llvm-project	2019-04-01 14:03:44 +0000	2352797
	llvm-project	2019-04-12 08:23:28 +0000	2356998
	llvm-project	2019-04-25 18:38:58 +0000	2368914
	llvm-project	2019-05-07 23:11:05 +0000	2377943
	llvm-project	2019-05-20 19:33:32 +0000	2383007
	llvm-project	2019-05-31 06:21:49 +0000	2390563
	llvm-project	2019-06-11 12:42:13 +0000	2399230
	llvm-project	2019-06-20 22:00:07 +0000	2410484
	llvm-project	2019-07-02 16:48:49 +0000	2421624
	llvm-project	2019-07-12 13:00:35 +0000	2435771
	llvm-project	2019-07-23 14:20:48 +0000	2444191
	llvm-project	2019-08-05 13:57:03 +0000	2454381
	llvm-project	2019-08-14 20:54:56 +0000	2462786
	llvm-project	2019-08-24 13:04:34 +0000	2471011
	llvm-project	2019-09-04 08:38:18 -0700	0
	llvm-project	2019-09-16 23:47:46 +0000	2486905
	llvm-project	2019-09-27 20:24:36 +0000	2494789
	llvm-project	2019-10-08 19:37:11 -0700	0
	llvm-project	2019-10-18 10:28:33 -0700	0
	llvm-project	2019-11-01 13:32:03 -0700	2515426
	llvm-project	2019-11-14 13:58:32 +0100	2520277
	llvm-project	2019-11-27 10:54:38 +0000	2526850
	llvm-project	2019-12-11 08:48:55 -0500	2534484
	llvm-project	2019-12-23 11:08:26 -0800	2542812
	llvm-project	2020-01-10 10:32:37 +0000	2550915
	llvm-project	2020-01-21 15:17:29 -0800	2569957
	llvm-project	2020-01-30 16:02:58 -0800	2582559
	llvm-project	2020-02-10 21:43:41 +0000	2590937
	llvm-project	2020-02-20 14:17:30 +0300	2609816
	llvm-project	2020-03-03 17:53:02 +0100	2617200
	llvm-project	2020-03-16 07:16:44 +0300	2622239
	llvm-project	2020-03-27 00:38:20 -0700	2629742
	llvm-project	2020-04-06 17:42:54 +0000	2638807
	llvm-project	2020-04-16 12:35:45 +0200	2645969
	llvm-project	2020-04-26 21:34:01 -0700	2649579
	llvm-project	2020-05-07 16:15:57 +0100	2654600
	llvm-project	2020-05-19 17:33:19 -0500	2665211
	llvm-project	2020-06-01 07:52:01 +0100	2673442
	llvm-project	2020-06-10 20:26:24 +0200	2681020
	llvm-project	2020-06-21 13:59:11 +0100	2689181
	llvm-project	2020-07-01 16:01:40 +0100	2704427
	llvm-project	2020-07-13 10:15:10 -0700	2713314
	llvm-project	2020-07-23 09:37:14 +0200	2750473
	llvm-project	2020-08-03 19:31:53 +0100	2754275
	llvm-project	2020-08-12 16:53:45 -0700	2761483
	llvm-project	2020-08-25 15:54:22 +0100	2773593
	llvm-project	2020-09-07 11:14:05 -0700	2780182
	llvm-project	2020-09-18 00:51:22 -0700	2787846
	llvm-project	2020-09-29 19:51:53 -0400	2794902
	llvm-project	2020-10-12 20:23:57 +0000	2802840
	llvm-project	2020-10-22 15:56:55 -0700	2806739
	llvm-project	2020-11-02 21:25:12 +0100	2813759
	llvm-project	2020-11-12 15:48:14 +0000	2820359
	llvm-project	2020-11-24 13:41:14 -0800	2826074
	llvm-project	2020-12-07 20:18:09 +0100	2835183
	llvm-project	2020-12-17 09:20:53 -0800	2850491
	llvm-project	2021-01-06 11:30:13 +0000	2864864
	llvm-project	2021-05-10 14:16:25 -0700	0
	llvm-project	2021-01-27 15:41:29 -0800	2879441
	llvm-project	2021-02-09 11:43:38 +0100	2889533
	llvm-project	2021-02-19 10:10:06 -0800	2899868
	llvm-project	2021-03-03 09:16:56 -0800	2905985
	llvm-project	2021-03-13 15:25:02 -0800	2928013
	llvm-project	2021-03-24 12:38:05 -0700	2935196
	llvm-project	2021-04-06 23:22:08 -0700	2939351
	llvm-project	2021-04-19 11:05:18 -0700	2944736
	llvm-project	2021-04-29 01:44:16 -0700	2953042
	llvm-project	2021-05-11 11:48:23 -0500	2961435
	llvm-project	2021-05-21 10:52:08 -0700	2969340
	llvm-project	2021-06-04 13:58:04 +0100	2976844
	llvm-project	2021-06-15 16:13:26 -0400	2982764
	llvm-project	2021-06-28 20:52:47 +0200	2957373
	llvm-project	2021-07-12 10:32:18 -0700	2966864
	llvm-project	2021-07-22 10:22:42 +0100	2976373
	llvm-project	2021-08-02 11:09:54 +0100	2984961
	llvm-project	2021-08-16 01:58:23 -0400	2991334
	llvm-project	2021-08-28 18:08:10 -0400	3001937
	llvm-project	2021-09-10 09:30:50 -0400	3012397
	llvm-project	2021-09-23 15:48:08 -0700	3020766
	llvm-project	2021-10-05 16:58:57 +0300	3020852
	llvm-project	2021-10-15 17:32:05 +0200	3026141
	llvm-project	2021-10-27 17:50:56 -0400	3035194
	llvm-project	2021-11-09 14:32:36 +0100	3044974
	llvm-project	2021-11-18 22:40:29 +0000	3049848
	llvm-project	2021-12-02 10:24:04 -0800	3056275
	llvm-project	2021-12-14 15:41:56 +0100	3066053
	llvm-project	2021-12-29 09:17:47 -0800	3073556
	llvm-project	2022-01-11 12:35:55 +0000	3081484
	llvm-project	2022-01-19 11:00:32 -0800	3086747
	llvm-project	2022-01-27 16:14:53 -0600	3093906
	llvm-project	2022-02-04 16:54:09 -0500	3100325
	llvm-project	2022-02-14 15:52:07 +0800	3109517
	llvm-project	2022-02-23 14:25:59 +0100	3116637
	llvm-project	2022-03-07 13:00:06 +0800	3121940
	llvm-project	2022-03-16 11:59:40 -0700	3129073
	llvm-project	2022-03-25 08:48:17 -0700	3163487
	llvm-project	2022-04-06 13:34:11 -0700	3168133
	llvm-project	2022-04-18 09:23:01 -0700	3176453
	llvm-project	2022-04-28 21:08:16 -0700	3190087
	llvm-project	2022-05-11 12:06:45 -0700	3196593
	llvm-project	2022-05-24 00:02:00 -0400	3204138
	llvm-project	2022-06-05 00:16:14 -0700	3211853
	llvm-project	2022-06-14 21:37:02 +0100	3218217
	llvm-project	2022-06-24 16:27:26 +0200	3224696
	llvm-project	2022-07-06 08:47:48 +0200	3253123
	llvm-project	2022-07-15 13:57:23 -0700	3261780
	llvm-project	2022-07-26 11:29:37 +0200	3269782
	llvm-project	2022-08-05 17:08:37 -0700	3274553
	llvm-project	2022-08-17 15:55:43 -0700	3279915
	llvm-project	2022-08-28 19:42:08 +0300	3292787
	llvm-project	2022-09-08 10:07:07 -0700	3298079
	llvm-project	2022-09-20 14:39:07 -0700	3305310
	llvm-project	2022-10-01 12:41:37 +0300	3309651
	llvm-project	2022-10-12 10:56:12 -0700	3315058
	llvm-project	2022-10-24 07:30:12 +0000	3333454
	llvm-project	2022-11-03 14:49:58 +0700	3343930
	llvm-project	2022-11-15 14:21:55 -0800	3354166
	llvm-project	2022-11-25 21:38:00 +0000	3366282
	llvm-project	2022-12-04 14:55:41 +0000	3371026
	llvm-project	2022-12-11 16:31:11 +0300	3377431
	llvm-project	2022-12-19 06:26:15 -0800	3380744
	llvm-project	2023-01-04 17:03:10 +0100	3392814
	llvm-project	2023-01-12 21:46:51 -0800	3397166
	llvm-project	2023-01-23 12:36:15 +0000	3402385
	llvm-project	2023-02-01 17:40:27 +0000	3407053
	llvm-project	2023-02-11 09:15:58 -0800	3411296
	llvm-project	2023-02-22 09:40:39 -0800	3417402
	llvm-project	2023-03-06 19:28:35 -0800	3427766
	llvm-project	2023-03-16 11:36:42 +0100	3431195
	llvm-project	2023-03-27 14:56:25 -0700	3440013
	llvm-project	2023-04-06 12:03:45 +0200	3445178
	llvm-project	2023-04-17 17:49:56 +0300	3439808
	llvm-project	2023-04-27 00:29:13 +0200	3445133
	llvm-project	2023-05-07 11:27:02 -0700	3449540
	llvm-project	2023-05-17 09:36:01 -0700	3454711
	llvm-project	2023-05-26 09:52:57 -0700	3459297
	llvm-project	2023-06-06 19:44:28 +0100	3469521
	llvm-project	2023-06-15 14:46:14 -0400	3477141
	llvm-project	2023-06-26 21:16:25 +0200	3484082
	llvm-project	2023-07-06 15:31:26 +0200	3490213
	llvm-project	2023-07-14 16:58:47 -0700	3501166
	llvm-project	2023-07-24 08:28:54 -0500	3507053
	llvm-project	2023-08-02 11:55:32 +0200	3511323
	llvm-project	2023-08-11 21:44:31 -0700	3513780
	llvm-project	2023-08-22 17:51:57 +0100	3528416
	llvm-project	2023-08-31 20:35:10 +0100	3535131
	llvm-project	2023-09-11 18:26:51 +0100	3539615
	llvm-project	2023-09-20 18:56:00 +0000	3546906
	llvm-project	2023-09-30 13:45:25 +0400	3554621
	llvm-project	2023-10-13 16:04:13 -0400	3560595
	llvm-project	2023-10-25 22:00:02 +0800	3564015
	llvm-project	2023-11-03 21:15:46 +0100	3572222
	llvm-project	2023-11-14 14:58:05 -0800	3578567
	llvm-project	2023-11-27 11:07:57 -0800	3587215
	llvm-project	2023-12-06 10:55:28 +0000	3594544
	llvm-project	2023-12-15 11:42:00 +0000	3605074
	llvm-project	2024-01-03 14:33:20 +0100	3611229
	llvm-project	2024-01-15 10:31:22 +0100	3617793
	llvm-project	2024-01-23 11:09:43 +0100	3626322
	llvm-project	2024-01-31 21:03:38 -0800	3633382
	llvm-project	2024-02-12 13:50:00 +0100	3638974
	llvm-project	2024-02-22 08:30:25 -0800	3646790
	llvm-project	2024-03-04 23:15:10 -0800	3655257
	llvm-project	2024-03-14 11:32:44 +0000	3664257
	llvm-project	2024-03-25 10:14:46 +0100	3671671
	llvm-project	2024-04-05 13:14:00 +0900	3678771
	llvm-project	2024-04-16 14:55:41 -0400	3683439
	llvm-project	2024-04-26 12:16:53 +0100	3689471
	llvm-project	2024-05-08 10:00:03 +0100	3697553
	llvm-project	2024-05-19 20:56:21 +0200	3703809
	llvm-project	2024-05-30 04:39:21 -0300	3709748
	llvm-project	2024-06-10 16:14:51 +0200	3716824
	llvm-project	2024-06-20 14:44:09 +0100	3720567
	llvm-project	2024-07-01 11:10:17 +0200	3736959
	llvm-project	2024-07-10 21:59:59 +0200	3742740
	llvm-project	2024-07-19 11:43:25 +0200	3751854
	llvm-project	2024-07-29 13:40:53 +0200	3759534
	llvm-project	2024-08-08 10:03:24 +0200	3768077
	llvm-project	2024-08-19 09:06:48 +0800	3778569
	llvm-project	2024-08-28 12:50:44 -0700	3787091
	llvm-project	2024-09-08 09:50:34 -0700	3796342
	llvm-project	2024-09-17 21:35:49 +0200	3806287
	llvm-project	2024-09-26 19:16:43 +0100	3816449
	llvm-project	2024-10-07 10:33:35 -0700	3822830
	llvm-project	2024-10-17 12:43:32 +0200	3831752
	llvm-project	2024-10-29 12:26:33 -0700	3842644
	llvm-project	2024-11-07 15:35:29 -0600	3850927
	llvm-project	2024-11-18 09:16:50 -0800	3859818
	llvm-project	2024-11-27 10:04:00 -0600	3867646
	llvm-project	2024-12-09 10:28:26 +0100	3873781
	llvm-project	2024-12-18 09:58:56 +0100	3879007
	llvm-project	2025-01-06 18:49:51 +0000	3888332
	llvm-project	2025-01-15 16:49:59 -0800	3894565
	llvm-project	2025-01-24 10:02:15 -0800	3906341
	llvm-project	2025-02-03 22:44:05 -0800	3912230
	llvm-project	2025-02-13 12:15:24 +0100	3919905
	llvm-project	2025-02-24 09:23:00 +0000	3924951
	llvm-project	2025-03-04 13:10:31 -0800	3929984
	llvm-project	2025-03-13 02:54:49 -0700	3935429
	llvm-project	2025-03-21 17:17:32 -0700	3940185
	llvm-project	2025-04-01 08:04:45 -0700	3945548
	llvm-project	2025-04-10 14:23:26 -0700	3950661
	llvm-project	2025-04-21 08:59:41 -0700	3955984
	llvm-project	2025-04-30 09:11:05 -0400	3961364
	llvm-project	2025-05-09 09:49:41 -0700	3966003
	llvm-project	2025-05-19 15:19:55 -0700	3969592
	llvm-project	2025-05-28 14:36:10 -0700	3978799
	llvm-project	2025-06-07 11:31:04 +0200	4016189
	llvm-project	2025-06-17 11:26:47 -0400	4018780
	llvm-project	2025-06-26 05:37:32 +0100	4027775
	llvm-project	2025-07-04 11:03:18 +0200	4034115
	llvm-project	2025-07-12 12:17:37 -0500	4043894
	llvm-project	2025-07-21 13:16:38 -0700	4050101
	llvm-project	2025-07-30 04:10:13 +0000	4053664
	llvm-project	2025-08-07 10:50:20 +0100	4059938
	llvm-project	2025-08-16 15:52:39 -0700	4068628
	llvm-project	2025-08-25 14:01:57 -0400	4073803
	llvm-project	2025-09-02 21:57:41 -0700	4078642
	llvm-project	2025-09-10 11:45:03 -0700	4085900
	llvm-project	2025-09-19 00:36:11 -0500	4096179
